is_concurrent, repetition, pop_size, num_species, ms_step_mean
0,0,8192,1,0.137755
0,0,8192,17,2.32825
0,0,8192,33,4.53005
0,0,8192,49,6.73095
0,0,8192,65,8.92826
0,0,8192,81,11.1455
0,0,8192,97,13.3525
0,0,8192,113,15.5781
1,0,8192,1,0.137777
1,0,8192,17,0.516116
1,0,8192,33,0.863405
1,0,8192,49,1.20685
1,0,8192,65,1.70715
1,0,8192,81,2.07323
1,0,8192,97,2.45617
1,0,8192,113,2.95575
